-- Smart Tourism sample seed data for SQLite
-- Target database file: WebApplication_API/App.db
-- Run from the repository root, for example:
-- sqlite3 WebApplication_API/App.db ".read docs/sample-data.sql"
-- Or run from the WebApplication_API folder:
-- sqlite3 App.db ".read ../docs/sample-data.sql"

PRAGMA foreign_keys = OFF;

BEGIN TRANSACTION;

DELETE FROM PlaybackEvents;
DELETE FROM LocationTrackingEvents;
DELETE FROM LocationImages;
DELETE FROM TourLocations;
DELETE FROM Tours;
DELETE FROM AudioContents;
DELETE FROM Locations;
DELETE FROM Categories;
DELETE FROM sqlite_sequence
WHERE name IN (
    'PlaybackEvents',
    'LocationTrackingEvents',
    'LocationImages',
    'Tours',
    'AudioContents',
    'Locations',
    'Categories'
);

INSERT INTO Categories (CategoryId, Name, Description, Status,CreatedAt) VALUES
    (1, 'Historical Sites', 'Important heritage destinations and city history touchpoints.', 1,CURRENT_TIMESTAMP),
    (2, 'Museums & Galleries', 'Curated collections, exhibitions, and educational spaces.', 1,CURRENT_TIMESTAMP),
    (3, 'Markets & Food Halls', 'Busy commercial areas with local food and shopping experiences.', 1,CURRENT_TIMESTAMP),
    (4, 'Spiritual Landmarks', 'Pagodas, churches, and places of worship with tourism value.', 1,CURRENT_TIMESTAMP),
    (5, 'Parks & Riverside Walks', 'Open-air public spaces for walking, scenery, and relaxation.', 1,CURRENT_TIMESTAMP),
    (6, 'Architecture & Civic Buildings', 'Iconic buildings known for design, heritage, or public function.', 1,CURRENT_TIMESTAMP),
    (7, 'Art & Culture Venues', 'Performance, exhibition, and creative city gathering venues.', 1,CURRENT_TIMESTAMP),
    (8, 'Family Attractions', 'Play-focused destinations suitable for groups and families.', 1,CURRENT_TIMESTAMP),
    (9, 'Waterfront Excursions', 'River-based transit points and waterside visitor experiences.', 1,CURRENT_TIMESTAMP),
    (10, 'Archived Samples', 'Inactive sample category kept for dashboard and filtering checks.', 0,CURRENT_TIMESTAMP);

INSERT INTO Locations (
    LocationId,
    CategoryId,
    Name,
    Description,
    EstablishedYear,
    Latitude,
    Longitude,
    Address,
    WebURL,
    PhoneContact,
    Email,
    Radius,
    StandbyRadius,
    Priority,
    DebounceSeconds,
    IsGpsTriggerEnabled,
    Status,
    CreatedAt
) VALUES
    (
        1,
        1,
        'Ben Nha Rong Museum',
        'Historic riverside landmark connected to major national history stories and a popular photo stop.',
        1863,
        10.767261,
        106.707725,
        '1 Nguyen Tat Thanh, Ward 12, District 4, Ho Chi Minh City, Vietnam',
        'https://example.com/poi/ben-nha-rong-museum',
        '0900000101',
        'bennharong@smarttour.local',
        40,
        15,
        10,
        240,
        1,
        1,
        CURRENT_TIMESTAMP
    ),
    (
        2,
        2,
        'War Remnants Museum',
        'A well-known museum with documentary galleries and strong educational storytelling value.',
        1975,
        10.779783,
        106.692171,
        '28 Vo Van Tan, Ward 6, District 3, Ho Chi Minh City, Vietnam',
        'https://example.com/poi/war-remnants-museum',
        '0900000102',
        'warremnants@smarttour.local',
        35,
        12,
        9,
        300,
        1,
        1, CURRENT_TIMESTAMP
    ),
    (
        3,
        3,
        'Ben Thanh Market',
        'Dense market atmosphere with food stalls, souvenirs, and classic central city energy.',
        1914,
        10.772456,
        106.698043,
        'Le Loi Street, Ben Thanh Ward, District 1, Ho Chi Minh City, Vietnam',
        'https://example.com/poi/ben-thanh-market',
        '0900000103',
        'benthanh@smarttour.local',
        38,
        14,
        8,
        180,
        1,
        1,
        CURRENT_TIMESTAMP
    ),
    (
        4,
        4,
        'Jade Emperor Pagoda',
        'Quiet temple courtyards, layered incense spaces, and richly detailed spiritual architecture.',
        1909,
        10.788090,
        106.693459,
        '73 Mai Thi Luu, Da Kao Ward, District 1, Ho Chi Minh City, Vietnam',
        'https://example.com/poi/jade-emperor-pagoda',
        '0900000104',
        'jadeemperor@smarttour.local',
        32,
        10,
        7,
        300,
        1,
        1, CURRENT_TIMESTAMP
    ),
    (
        5,
        5,
        'Bach Dang Riverside Park',
        'Open riverfront promenade with skyline views, walking paths, and evening gathering spaces.',
        2015,
        10.775872,
        106.707275,
        'Ton Duc Thang Street, Sai Gon Ward, District 1, Ho Chi Minh City, Vietnam',
        'https://example.com/poi/bach-dang-riverside-park',
        '0900000105',
        'bachdangpark@smarttour.local',
        45,
        18,
        6,
        120,
        1,
        1, CURRENT_TIMESTAMP
    ),
    (
        6,
        6,
        'Saigon Central Post Office',
        'A preserved civic landmark recognized for colonial-era architecture and visitor traffic.',
        1891,
        10.779708,
        106.699047,
        '2 Cong Xa Paris, Ben Nghe Ward, District 1, Ho Chi Minh City, Vietnam',
        'https://example.com/poi/saigon-central-post-office',
        '0900000106',
        'postoffice@smarttour.local',
        30,
        10,
        8,
        240,
        1,
        1, CURRENT_TIMESTAMP
    ),
    (
        7,
        7,
        'Ho Chi Minh City Opera House',
        'Performance venue and landmark facade often used as a cultural meeting point in the city center.',
        1900,
        10.776521,
        106.703516,
        '7 Lam Son Square, Ben Nghe Ward, District 1, Ho Chi Minh City, Vietnam',
        'https://example.com/poi/opera-house',
        '0900000107',
        'operahouse@smarttour.local',
        28,
        10,
        7,
        180,
        1,
        1, CURRENT_TIMESTAMP
    ),
    (
        8,
        8,
        'Suoi Tien Theme Park',
        'Large family attraction with themed zones, entertainment areas, and day-trip appeal.',
        1995,
        10.879117,
        106.803727,
        '120 Xa Lo Ha Noi, Tan Phu Ward, Thu Duc City, Ho Chi Minh City, Vietnam',
        'https://example.com/poi/suoi-tien-theme-park',
        '0900000108',
        'suoitien@smarttour.local',
        55,
        20,
        5,
        300,
        1,
        1, CURRENT_TIMESTAMP
    ),
    (
        9,
        9,
        'Bach Dang Waterbus Station',
        'River access point used for scenic transport, quick boarding, and waterfront orientation.',
        2017,
        10.773602,
        106.706879,
        '10B Ton Duc Thang, Sai Gon Ward, District 1, Ho Chi Minh City, Vietnam',
        'https://example.com/poi/bach-dang-waterbus-station',
        '0900000109',
        'waterbus@smarttour.local',
        36,
        12,
        6,
        150,
        1,
        1, CURRENT_TIMESTAMP
    ),
    (
        10,
        10,
        'Archived Demo Plaza',
        'Inactive sample location reserved for status filters, archive flows, and management testing.',
        2008,
        10.782450,
        106.714830,
        '12 Sample Street, Thu Duc City, Ho Chi Minh City, Vietnam',
        'https://example.com/poi/archived-demo-plaza',
        '0900000110',
        'archived@smarttour.local',
        25,
        10,
        1,
        600,
        0,
        0, CURRENT_TIMESTAMP
    );

INSERT INTO AudioContents (
    AudioId,
    LocationId,
    LanguageCode,
    Title,
    Description,
    SourceType,
    Script,
    DurationSeconds,
    VoiceName,
    VoiceGender,
    Priority,
    PlaybackMode,
    InterruptPolicy,
    IsDownloadable,
    Status,
    CreatedAt
) VALUES
    (
        1,
        1,
        'vi-VN',
        'Ben Nha Rong Riverside Story',
        'Intro narration for visitors arriving at the riverside museum approach.',
        'TTS',
        'Chao mung ban den Ben Nha Rong, diem moc lich su ben song Sai Gon va la mot trong nhung dia diem quen thuoc cua du khach.',
        115,
        'Local Guide Mai',
        'Female',
        10,
        'Auto',
        'NotificationFirst',
        1,
        1, CURRENT_TIMESTAMP
    ),
    (
        2,
        2,
        'en-US',
        'Museum Orientation',
        'A concise overview for guests starting their museum visit.',
        'TTS',
        'This museum introduces a dense historical timeline through photographs, artifacts, and focused exhibition rooms.',
        132,
        'City Narrator David',
        'Male',
        9,
        'Auto',
        'NarrationFirst',
        1,
        1, CURRENT_TIMESTAMP
    ),
    (
        3,
        3,
        'en-US',
        'Market Highlights',
        'Quick orientation for food, souvenirs, and common walking routes inside the market area.',
        'TTS',
        'Ben Thanh Market is one of the easiest places to sample local snacks, shop for gifts, and observe the pace of central Ho Chi Minh City.',
        108,
        'Street Guide Anna',
        'Female',
        8,
        'Auto',
        'NotificationFirst',
        1,
        1, CURRENT_TIMESTAMP
    ),
    (
        4,
        4,
        'vi-VN',
        'Pagoda Courtyard Guide',
        'Soft-paced narration for visitors entering the temple grounds.',
        'TTS',
        'Khong gian chua Ngoc Hoang noi bat boi huong tram, nhieu gian tho va kien truc tao cam giac yen tinh giua trung tam thanh pho.',
        104,
        'Temple Voice Lan',
        'Female',
        7,
        'Manual',
        'Queue',
        1,
        1, CURRENT_TIMESTAMP
    ),
    (
        5,
        5,
        'en-US',
        'Riverside Walk',
        'A short outdoor guide for the promenade and skyline view points.',
        'TTS',
        'Follow the riverside path slowly and you will see how the Saigon River frames ferries, towers, and evening gathering spots.',
        96,
        'Walk Coach Ryan',
        'Male',
        6,
        'Auto',
        'NotificationFirst',
        1,
        1, CURRENT_TIMESTAMP
    ),
    (
        6,
        6,
        'en-GB',
        'Postal Heritage Story',
        'An architectural note for one of the busiest heritage buildings in the city center.',
        'TTS',
        'The central post office remains both a working public building and a heritage stop recognised for its long facade and vaulted interior.',
        121,
        'Heritage Voice Clara',
        'Female',
        8,
        'Auto',
        'NarrationFirst',
        1,
        1, CURRENT_TIMESTAMP
    ),
    (
        7,
        7,
        'en-US',
        'Opera House Facade',
        'A cultural intro for the square and theatre frontage.',
        'TTS',
        'This opera house is often used as a city landmark because its facade anchors a busy cultural pocket of downtown Ho Chi Minh City.',
        89,
        'Culture Guide Alex',
        'Male',
        7,
        'Manual',
        'NotificationFirst',
        1,
        1, CURRENT_TIMESTAMP
    ),
    (
        8,
        8,
        'vi-VN',
        'Family Adventure Loop',
        'Playful intro for family groups planning a longer attraction visit.',
        'TTS',
        'Khu vui choi Suoi Tien phu hop cho nhom gia dinh muon ket hop tham quan, giai tri va nghi ngoi trong mot hanh trinh tron ngay.',
        118,
        'Family Host Nhi',
        'Female',
        5,
        'Manual',
        'Queue',
        1,
        1, CURRENT_TIMESTAMP
    ),
    (
        9,
        9,
        'en-US',
        'Waterbus Boarding Guide',
        'A short waterfront explanation for passengers and river route explorers.',
        'TTS',
        'This station is a practical starting point if you want a quick river view and a different angle on the city skyline.',
        82,
        'River Guide Ben',
        'Male',
        6,
        'QrOnly',
        'NotificationFirst',
        0,
        1, CURRENT_TIMESTAMP
    ),
    (
        10,
        10,
        'en-US',
        'Archived Sample Audio',
        'Inactive record kept for archive-state validation in management screens.',
        'TTS',
        'This is an archived audio sample used to verify inactive content handling across lists, filters, and detail panels.',
        75,
        'Archive Voice Sam',
        'Male',
        1,
        'Manual',
        'Queue',
        0,
        0, CURRENT_TIMESTAMP
    );

COMMIT;

PRAGMA foreign_keys = ON;
